Model Name,Prompt Version,Prompt,Latency,Quality Score,Estimated Cost,Hallucination Score,Consistency Score,Approval Status,Response
llama3.2,prompt_v3.txt,Explain machine learning in bullet points.,50.03,8,0.00378,0,0.94,APPROVED,"Here are the key concepts of machine learning explained in bullet points:

**What is Machine Learning?**

* A subset of artificial intelligence (AI) that enables systems to learn from data and improve their performance on a task over time.
* Also known as deep learning, neural networks, or artificial intelligence.

**Key Components:**

* **Data**: The input data used to train the machine learning model. This can be in the form of images, text, audio, or other types of data.
* **Algorithms**: The set of rules and calculations that are used to process the data and make predictions or decisions.
* **Model**: A mathematical representation of the relationship between the input data and the desired output.

**Types of Machine Learning:**

* **Supervised Learning**: The model is trained on labeled data, where the correct output is already known. Examples include image classification and sentiment analysis.
* **Unsupervised Learning**: The model is trained on unlabeled data, and it must find patterns or relationships on its own. Examples include clustering and dimensionality reduction.
* **Reinforcement Learning**: The model learns through trial and error by interacting with an environment and receiving rewards or penalties for its actions.

**Machine Learning Process:**

* **Data Preparation**: Collecting, cleaning, and preprocessing the data to be used for training.
* **Model Selection**: Choosing a suitable machine learning algorithm based on the problem and data type.
* **Training**: Feeding the prepared data into the model and adjusting the parameters to minimize error.
* **Evaluation**: Assessing the performance of the trained model using metrics such as accuracy, precision, and recall.
* **Deployment**: Integrating the trained model into a larger system or application.

**Common Machine Learning Techniques:**

* **Neural Networks**: A type of machine learning algorithm inspired by the structure and function of the human brain.
* **Decision Trees**: A tree-like model used for classification and regression tasks.
* **Clustering**: Grouping similar data points together based on their characteristics.
* **Support Vector Machines (SVMs)**: A linear classifier that finds the best hyperplane to separate classes.

**Real-World Applications of Machine Learning:**

* **Image Recognition**: Self-driving cars, facial recognition, and object detection.
* **Natural Language Processing (NLP)**: Sentiment analysis, language translation, and text summarization.
* **Recommendation Systems**: Personalized product recommendations and content filtering.
* **Predictive Maintenance**: Predicting equipment failure based on sensor data."
llama3.2,prompt_v2.txt,Explain machine learning for beginners with examples.,123.42,8,0.00439,0,0.92,REJECTED,"Machine learning is a type of artificial intelligence (AI) that enables computers to learn from data, improve their performance on specific tasks, and make decisions without being explicitly programmed.

**What does Machine Learning do?**

Machine learning allows machines to:

1. **Analyze data**: Look at vast amounts of data to identify patterns, trends, and relationships.
2. **Learn from data**: Use the analyzed data to create a model that can predict or classify future events.
3. **Make predictions or decisions**: Based on the learned model, make predictions or take actions without being explicitly programmed.

**Types of Machine Learning**

There are three main types of machine learning:

1. **Supervised Learning**: The algorithm is trained on labeled data (e.g., images with labels like ""dog"" or ""cat""). The goal is to learn a mapping between inputs and outputs.
2. **Unsupervised Learning**: The algorithm is trained on unlabeled data, and it tries to identify patterns or relationships in the data.
3. **Reinforcement Learning**: The algorithm learns by interacting with an environment and receiving feedback (e.g., rewards or penalties) for its actions.

**Examples of Machine Learning**

1. **Image Classification**: A machine learning model is trained on a dataset of labeled images, such as pictures of cats, dogs, or cars. Once trained, the model can classify new images into these categories.
2. **Predicting Customer Churn**: A company provides a machine learning model that analyzes customer behavior and predicts which customers are likely to churn (stop using the service). This helps the company retain customers and prevent losses.
3. **Chatbots**: Machine learning algorithms are used to build chatbots that can understand natural language and respond accordingly. The algorithm learns from user interactions and improves its responses over time.
4. **Self-Driving Cars**: Machine learning models analyze sensor data from cameras, GPS, and lidar to detect objects, predict their movement, and make decisions about steering, acceleration, or braking.

**How Machine Learning Works**

Machine learning works by:

1. **Data Preprocessing**: Cleaning, transforming, and preparing the data for training.
2. **Model Selection**: Choosing a suitable algorithm (e.g., neural networks, decision trees) to train on the data.
3. **Training**: Feeding the preprocessed data into the algorithm and adjusting its parameters to minimize errors.
4. **Testing**: Evaluating the trained model's performance on a separate test dataset.
5. **Deployment**: Integrating the trained model into a larger system or application.

**Common Machine Learning Algorithms**

Some popular machine learning algorithms include:

1. Linear Regression
2. Decision Trees
3. Random Forests
4. Neural Networks (e.g., Convolutional Neural Networks, Recurrent Neural Networks)
5. Support Vector Machines

That's a brief introduction to machine learning for beginners! Do you have any specific questions or areas you'd like me to expand on?"
llama3.2,prompt_v1.txt,Explain machine learning simply.,49.38,7,0.00239,0,0.83,APPROVED,"Machine learning is a way for computers to learn and improve on their own, without being explicitly programmed.

Imagine you're teaching a child to recognize pictures of animals. You show them many pictures of cats and dogs, and they try to guess which one is which. At first, they might make mistakes. But as they see more and more pictures, they start to notice patterns and differences between the two species. They learn to recognize that cats have pointy ears and whiskers, while dogs have floppy ears and wagging tails.

Machine learning works in a similar way:

1. **Data**: We collect lots of data - like pictures or words - that we want the computer to learn from.
2. **Pattern recognition**: The computer looks for patterns and connections between the data points.
3. **Improvement**: As it sees more data, the computer refines its understanding of those patterns and makes predictions or decisions based on what it's learned.

The computer doesn't ""learn"" in the classical sense, but rather makes educated guesses based on the data it has been given. And with enough data and practice, it can become really good at making accurate predictions or decisions!

Some common applications of machine learning include:

* Image recognition (like self-driving cars)
* Speech recognition (like virtual assistants)
* Natural language processing (like chatbots)
* Predictive modeling (like forecasting sales)

Machine learning is a powerful tool that's revolutionizing many areas of our lives!"
mistral,prompt_v3.txt,Explain machine learning in bullet points.,312.5,8,0.00307,0,0.91,REJECTED," 1. Machine Learning (ML) is a subset of artificial intelligence that enables computers to learn and improve from experience without being explicitly programmed.

2. It involves the use of algorithms to analyze and draw insights from data.

3. There are three main types of ML: Supervised Learning, Unsupervised Learning, and Reinforcement Learning.

   - Supervised Learning: The model is trained on a labeled dataset where both input and output are provided. Examples include classification (e.g., email spam detection) and regression (e.g., predicting house prices).

   - Unsupervised Learning: The model learns patterns from an unlabeled dataset without any predefined labels or outputs. Clustering and dimensionality reduction are common applications.

   - Reinforcement Learning: The model learns by interacting with its environment, receiving rewards or penalties based on its actions to maximize the reward over time. It's commonly used in robotics, gaming, and navigation.

4. ML models can be trained using various techniques such as linear regression, logistic regression, decision trees, random forests, support vector machines (SVM), neural networks, and deep learning.

5. Cross-validation, regularization, and hyperparameter tuning are essential techniques used to prevent overfitting, increase model performance, and improve generalizability.

6. Common applications of ML include image recognition, natural language processing, recommendation systems, fraud detection, and predictive maintenance.

7. Ethical concerns related to machine learning include bias in the data, privacy, transparency, and accountability.

8. Open-source libraries like TensorFlow, PyTorch, Scikit-learn, and Keras facilitate ML development by providing pre-built algorithms, tools, and interfaces for easy implementation.

9. Deep learning, a subfield of machine learning that uses artificial neural networks with multiple layers to model complex patterns, has led to significant advancements in various areas like computer vision and speech recognition.

10. The future of machine learning involves continued improvements in algorithms, hardware, and data availability, as well as the integration of AI ethics and responsible AI practices into development processes."
mistral,prompt_v2.txt,Explain machine learning for beginners with examples.,222.52,8,0.00338,0,0.76,REJECTED," Machine Learning (ML) is a subset of artificial intelligence that allows computers to learn from data, without being explicitly programmed. In other words, it's a way for computers to improve their performance on a specific task by learning from experience.

Let me break this down a bit more and provide some examples:

1. **Learning from data**: Machine Learning algorithms analyze large datasets and find patterns or relationships within the data. For instance, if we have a dataset of emails marked as 'spam' or 'not spam', an ML algorithm can learn to identify spam emails by analyzing features such as the content, sender, and subject line.

2. **Improving performance**: As the algorithm processes more and more data, it continuously improves its ability to classify new examples correctly. For example, if we train a machine learning model on thousands of images of cats and dogs, it will gradually become better at recognizing different breeds of cats and dogs in new images that it hasn't seen before.

3. **Learning from experience**: Machine Learning models can also learn from their mistakes, just like humans do when we make errors and adjust our behavior accordingly. Using the email example again, if an initially incorrectly classified email is marked as spam or not spam by a human user, the machine learning algorithm will update its decision-making process based on this new information.

Some popular applications of Machine Learning include:

1. **Image and speech recognition**: AI models can be trained to recognize objects in images (e.g., self-driving cars) or transcribe spoken language into text (e.g., voice assistants like Siri, Alexa, or Google Assistant).

2. **Recommendation systems**: Online retailers like Amazon and Netflix use ML algorithms to suggest products or movies that you might be interested in based on your past behavior.

3. **Fraud detection**: Financial institutions and insurance companies employ machine learning techniques to identify unusual patterns of activity, which may indicate fraudulent transactions or claims.

4. **Predictive analytics**: Machine Learning can help businesses forecast sales trends, manage resources more efficiently, and make data-driven decisions."
mistral,prompt_v1.txt,Explain machine learning simply.,139.61,8,0.00194,0,0.79,REJECTED," Machine learning is a type of artificial intelligence (AI) that allows computers to learn and make decisions without being explicitly programmed. It works by training a model with data, so the computer can recognize patterns and make predictions or decisions based on new data it hasn't seen before.

In simpler terms, imagine teaching a child how to identify different types of animals by showing them pictures and telling them what each animal is called. Over time, the child learns to recognize those animals on their own. Machine learning works in a similar way, but instead of a human teacher, it uses algorithms that adjust themselves based on the data they're given, allowing them to improve their predictions over time.

There are different types of machine learning, including supervised learning (where the model is trained with labeled data), unsupervised learning (where the model learns patterns in unlabeled data), and reinforcement learning (where an agent learns by interacting with an environment and receiving rewards or punishments for its actions).

Machine learning has many applications, from powering virtual assistants like Siri and Alexa, to recommending products on e-commerce websites, to diagnosing diseases in healthcare, and much more."
gemma:2b,prompt_v3.txt,Explain machine learning in bullet points.,48.02,8,0.00289,0,0.76,REJECTED,"Sure. Here's a summary of machine learning:

* **An algorithm that automates decision-making based on data**: Machine learning is a subfield of artificial intelligence (AI) that allows computers to learn from data without explicit programming.


* **Data is the fuel**: Machine learning algorithms analyze and interpret data to discover patterns and relationships.


* **The algorithm learns:** Through a process called training, the algorithm gradually improves its ability to make predictions or decisions based on the data it's trained on.


* **Different types of learning**:
    * **Supervised learning:** The algorithm is presented with a labeled dataset where each data point has a corresponding target or answer.
    * **Unsupervised learning:** The algorithm discovers patterns and relationships in unlabeled data without any pre-defined targets.
    * **Semi-supervised learning:** The algorithm uses both labeled and unlabeled data to train a model.


* **Applications of machine learning**:
    * **Image recognition**: Self-driving cars, facial recognition, and medical diagnostics.
    * **Natural language processing**: Chatbots, machine translation, and sentiment analysis.
    * **Recommendation systems**: Personalized recommendations on platforms like Netflix and Amazon.
    * **Fraud detection**: Identifying fraudulent transactions and protecting against financial losses.
    * **Drug discovery**: Identifying new drug candidates and designing new medications.


* **Benefits of machine learning**:
    * **Automation**: Automates tasks and reduces manual effort.
    * **Data-driven decision-making**: Provides insights and insights from data.
    * **Improved accuracy**: Can identify patterns and make better predictions than humans.
    * **Increased efficiency**: Saves time and resources.


* **Challenges of machine learning**:
    * **Data quality**: The quality of the training data can significantly impact the model's performance.
    * **Bias**: Machine learning models can inherit biases from the training data, leading to unfair or discriminatory outcomes.
    * **Explainability**: It can be difficult to understand how a machine learning model reaches its predictions."
gemma:2b,prompt_v2.txt,Explain machine learning for beginners with examples.,62.84,8,0.00373,0,0.78,REJECTED,"Sure! Here's an explanation of Machine Learning for beginners with examples:

**What is Machine Learning?**

Imagine a computer that can learn from data without being programmed by humans. This is the essence of machine learning. It's a type of artificial intelligence (AI) where computers learn and improve through a process called **training**.

**Training Data:**

The training data is a massive dataset containing various information like:

* **Features:** Independent variables that influence the outcome.
* **Target variable:** The dependent variable that we want to predict or classify.

**Machine Learning Algorithms:**

Different algorithms are used for machine learning based on the type of data and the problem. Some common ones are:

* **Supervised Learning:**
    * **Regression:** Predicts continuous values like price, temperature, etc. (e.g., predicting housing prices)
    * **Classification:** Predicts discrete categories like spam vs. not spam (e.g., classifying emails as spam)
* **Unsupervised Learning:**
    * **Clustering:** Groups data points with similar features together (e.g., grouping customers based on purchase history)
    * **Anomaly detection:** Identifies data points that deviate from the norm (e.g., identifying suspicious transactions)

**Steps of Machine Learning:**

1. **Data preparation:** Cleaning, transforming, and splitting the data into training and testing sets.
2. **Training:** The algorithm learns from the training data and makes predictions on the test data.
3. **Evaluation:** The performance of the trained model is measured using metrics like accuracy, precision, and recall.
4. **Iteration:** If the model is not satisfied, adjust hyperparameters, the parameters that control the learning process, and train the model again.

**Example:**

Imagine a language model trying to predict the next word in a sentence based on the preceding words. The training data would be a huge collection of text pairs, where the first word is the actual word and the second word is the next word in the sequence.

**Benefits of Machine Learning:**

* **Improved decision-making:** By learning from data, machines can make more accurate and informed decisions.
* **Automation:** Machine learning can automate tasks, freeing up human resources for other tasks.
* **Personalization:** Machine learning can personalize products and services based on individual preferences.

**Conclusion:**

Machine learning is a powerful field that enables computers to learn from data. By understanding the basic concepts and examples, you can begin exploring this fascinating field and its applications."
gemma:2b,prompt_v1.txt,Explain machine learning simply.,47.01,8,0.00279,0,0.86,APPROVED,"Sure, here's a simple explanation of machine learning:

**Machine learning is a subfield of artificial intelligence (AI) that allows computers to learn from data without being explicitly programmed by humans.**

**Here's how it works:**

* **Data is the fuel** for machine learning. It's the information the computer uses to ""learn.""
* **Algorithms are the recipes** that tell the computer how to analyze and interpret the data.
* **Learning happens by iterating through the data, making predictions, and adjusting the algorithm accordingly.** The more data the algorithm sees, the better it gets at making accurate predictions.
* **Once the algorithm is trained, it can be used to make new predictions on new data.**

**Here are some key terms to remember:**

* **Data:** The raw material that is used to train the machine learning algorithm.
* **Algorithm:** A set of instructions that the computer follows to analyze and make predictions.
* **Model:** The final product of the training process, which is a representation of the data that the algorithm learned.
* **Prediction:** The output of the algorithm, which is a new prediction made on new data.

**Here are some real-world applications of machine learning:**

* **Natural language processing (NLP):** Machine learning is used to understand and generate human language.
* **Image recognition:** Machine learning is used to identify and classify images.
* **Customer service chatbots:** Machine learning is used to answer customer questions and provide support.
* **Fraud detection:** Machine learning is used to identify fraudulent transactions and protect against fraud.

**Machine learning is a powerful technology that is constantly evolving.** As new algorithms are developed and data sets become larger, machine learning models can become even more accurate and effective."
